{"Mean":{"confidence_interval":{"confidence_level":0.95,"lower_bound":44697470.503899224,"upper_bound":45184792.66811369},"point_estimate":44916108.72181817,"standard_error":124990.89701434015},"Median":{"confidence_interval":{"confidence_level":0.95,"lower_bound":44509611.327787384,"upper_bound":44657595.218739465},"point_estimate":44586491.10943913,"standard_error":38000.07722171393},"MedianAbsDev":{"confidence_interval":{"confidence_level":0.95,"lower_bound":269959.5118035939,"upper_bound":468562.10513115884},"point_estimate":386484.6206146815,"standard_error":53990.79411344913},"Slope":{"confidence_interval":{"confidence_level":0.95,"lower_bound":44603469.15431247,"upper_bound":45168017.56331009},"point_estimate":44860536.14193291,"standard_error":144970.60504386638},"StdDev":{"confidence_interval":{"confidence_level":0.95,"lower_bound":646412.5122422306,"upper_bound":1806526.0169460601},"point_estimate":1256725.4618388065,"standard_error":303662.1371921695}}