{"Mean":{"confidence_interval":{"confidence_level":0.95,"lower_bound":-0.23494787764637937,"upper_bound":-0.18408149312877997},"point_estimate":-0.20827214263483917,"standard_error":0.013012486798211305},"Median":{"confidence_interval":{"confidence_level":0.95,"lower_bound":-0.164890429490952,"upper_bound":-0.15218267880536523},"point_estimate":-0.15634552802150958,"standard_error":0.0036619894748215528}}