{"Mean":{"confidence_interval":{"confidence_level":0.95,"lower_bound":178705294.7313404,"upper_bound":190541274.73385608},"point_estimate":184132588.92182818,"standard_error":3038502.6297221812},"Median":{"confidence_interval":{"confidence_level":0.95,"lower_bound":171942650.18333334,"upper_bound":174471449.95918366},"point_estimate":172731577.74435028,"standard_error":744684.8158871942},"MedianAbsDev":{"confidence_interval":{"confidence_level":0.95,"lower_bound":2185599.7441008617,"upper_bound":5689438.326985263},"point_estimate":3146977.5486374446,"standard_error":943080.2123830176},"Slope":{"confidence_interval":{"confidence_level":0.95,"lower_bound":175925664.3969989,"upper_bound":188703792.56749612},"point_estimate":181370245.71538052,"standard_error":3301285.3171501015},"StdDev":{"confidence_interval":{"confidence_level":0.95,"lower_bound":17922913.850868043,"upper_bound":40574125.437119655},"point_estimate":30459325.024868306,"standard_error":5767978.788510212}}