{"Mean":{"confidence_interval":{"confidence_level":0.95,"lower_bound":6508308.032133518,"upper_bound":6628476.133416985},"point_estimate":6565836.883259269,"standard_error":30717.874399352535},"Median":{"confidence_interval":{"confidence_level":0.95,"lower_bound":6392400.934937987,"upper_bound":6563393.492063492},"point_estimate":6468541.794215795,"standard_error":44866.79588236752},"MedianAbsDev":{"confidence_interval":{"confidence_level":0.95,"lower_bound":134849.20955759258,"upper_bound":301119.6612397096},"point_estimate":230848.82360759616,"standard_error":44072.22737208556},"Slope":{"confidence_interval":{"confidence_level":0.95,"lower_bound":6518526.336951857,"upper_bound":6616896.1151215555},"point_estimate":6565990.160082755,"standard_error":25108.150500407206},"StdDev":{"confidence_interval":{"confidence_level":0.95,"lower_bound":232597.36066607918,"upper_bound":378962.3981754359},"point_estimate":308289.0717148264,"standard_error":37524.29568729849}}