{"Mean":{"confidence_interval":{"confidence_level":0.95,"lower_bound":12350370.01196482,"upper_bound":13112425.089637231},"point_estimate":12700750.132469067,"standard_error":194380.5246348548},"Median":{"confidence_interval":{"confidence_level":0.95,"lower_bound":11932469.916666668,"upper_bound":12392021.067567568},"point_estimate":12099294.41589811,"standard_error":112428.307775534},"MedianAbsDev":{"confidence_interval":{"confidence_level":0.95,"lower_bound":716090.5392198057,"upper_bound":1118582.5075876075},"point_estimate":934078.655117906,"standard_error":105527.9851411008},"Slope":{"confidence_interval":{"confidence_level":0.95,"lower_bound":12162042.312033959,"upper_bound":13167361.918576876},"point_estimate":12615961.545334712,"standard_error":257912.44979027263},"StdDev":{"confidence_interval":{"confidence_level":0.95,"lower_bound":1222063.5537716676,"upper_bound":2593216.078453475},"point_estimate":1954103.7037409784,"standard_error":351101.13674091187}}