{"Mean":{"confidence_interval":{"confidence_level":0.95,"lower_bound":-0.1897424047908409,"upper_bound":-0.16440008291755137},"point_estimate":-0.17674555691076,"standard_error":0.006476470787929297},"Median":{"confidence_interval":{"confidence_level":0.95,"lower_bound":-0.16970064017112263,"upper_bound":-0.15095723333967026},"point_estimate":-0.16003343019257388,"standard_error":0.004645122283775138}}