{"Mean":{"confidence_interval":{"confidence_level":0.95,"lower_bound":11419827.298496667,"upper_bound":11666902.55161768},"point_estimate":11537346.90559009,"standard_error":62838.522717111744},"Median":{"confidence_interval":{"confidence_level":0.95,"lower_bound":11205203.145519836,"upper_bound":11327326.512612611},"point_estimate":11272233.433970857,"standard_error":35563.72417583803},"MedianAbsDev":{"confidence_interval":{"confidence_level":0.95,"lower_bound":117391.73598965693,"upper_bound":258294.7917697028},"point_estimate":178976.2581054068,"standard_error":40723.853021376985},"Slope":{"confidence_interval":{"confidence_level":0.95,"lower_bound":11192605.954810632,"upper_bound":11242977.171290152},"point_estimate":11215147.803064873,"standard_error":12820.177021841952},"StdDev":{"confidence_interval":{"confidence_level":0.95,"lower_bound":470721.51902998757,"upper_bound":777962.0899577492},"point_estimate":634570.602460698,"standard_error":78347.66766658156}}