{"Mean":{"confidence_interval":{"confidence_level":0.95,"lower_bound":53808365.751022056,"upper_bound":55387624.08365089},"point_estimate":54559205.9646489,"standard_error":403664.4399078772},"Median":{"confidence_interval":{"confidence_level":0.95,"lower_bound":52540114.85714286,"upper_bound":53689273.421875},"point_estimate":53081268.60294118,"standard_error":289941.9304284399},"MedianAbsDev":{"confidence_interval":{"confidence_level":0.95,"lower_bound":1370708.506665055,"upper_bound":2610239.8914218857},"point_estimate":1844457.4370249268,"standard_error":345461.4257288411},"Slope":{"confidence_interval":{"confidence_level":0.95,"lower_bound":55037729.47145207,"upper_bound":57645273.99863269},"point_estimate":56224152.8807773,"standard_error":666303.1582051282},"StdDev":{"confidence_interval":{"confidence_level":0.95,"lower_bound":2972399.7525363653,"upper_bound":5108588.418912891},"point_estimate":4057075.54519404,"standard_error":550705.785788239}}