{"Mean":{"confidence_interval":{"confidence_level":0.95,"lower_bound":-0.7797142134243105,"upper_bound":-0.7729667977254319},"point_estimate":-0.7762331497785819,"standard_error":0.0017234757030463498},"Median":{"confidence_interval":{"confidence_level":0.95,"lower_bound":-0.7786589840442522,"upper_bound":-0.7760837787528142},"point_estimate":-0.7772128840224194,"standard_error":0.0007324806869773325}}