{"Mean":{"confidence_interval":{"confidence_level":0.95,"lower_bound":145574354.13364923,"upper_bound":145984095.42103067},"point_estimate":145782900.09817898,"standard_error":104500.07723022395},"Median":{"confidence_interval":{"confidence_level":0.95,"lower_bound":145494099.55952382,"upper_bound":145898329.16041666},"point_estimate":145725768.0159214,"standard_error":111978.70724072879},"MedianAbsDev":{"confidence_interval":{"confidence_level":0.95,"lower_bound":588258.374499136,"upper_bound":1030050.0786080013},"point_estimate":870411.4667784617,"standard_error":111080.83743492534},"Slope":{"confidence_interval":{"confidence_level":0.95,"lower_bound":145821509.1494224,"upper_bound":146183562.3019773},"point_estimate":145997055.2432038,"standard_error":92217.8434345632},"StdDev":{"confidence_interval":{"confidence_level":0.95,"lower_bound":802599.9829914399,"upper_bound":1273889.9727250563},"point_estimate":1045701.0668604875,"standard_error":120911.197689644}}