{"Mean":{"confidence_interval":{"confidence_level":0.95,"lower_bound":20686.492951565855,"upper_bound":20924.248377289263},"point_estimate":20796.326690564776,"standard_error":61.05210279877956},"Median":{"confidence_interval":{"confidence_level":0.95,"lower_bound":20540.019496700348,"upper_bound":20622.78022068087},"point_estimate":20564.802753743264,"standard_error":22.072043833810717},"MedianAbsDev":{"confidence_interval":{"confidence_level":0.95,"lower_bound":124.50663851904805,"upper_bound":244.84634626542353},"point_estimate":160.5681642318513,"standard_error":32.110662878039506},"Slope":{"confidence_interval":{"confidence_level":0.95,"lower_bound":20634.382769051597,"upper_bound":20944.485599758034},"point_estimate":20767.12954230323,"standard_error":80.5034628201661},"StdDev":{"confidence_interval":{"confidence_level":0.95,"lower_bound":368.31456850071214,"upper_bound":831.1113567248535},"point_estimate":614.0973666643679,"standard_error":119.03510559795217}}