{"Mean":{"confidence_interval":{"confidence_level":0.95,"lower_bound":-0.4996569871272237,"upper_bound":-0.46736630547516766},"point_estimate":-0.4830355046137067,"standard_error":0.008246483882271307},"Median":{"confidence_interval":{"confidence_level":0.95,"lower_bound":-0.4798345777076517,"upper_bound":-0.4542018809549696},"point_estimate":-0.4653785938363212,"standard_error":0.006329787572825198}}