{"Mean":{"confidence_interval":{"confidence_level":0.95,"lower_bound":0.02195564966055446,"upper_bound":0.09563741960487},"point_estimate":0.05804379508588875,"standard_error":0.018671089782409226},"Median":{"confidence_interval":{"confidence_level":0.95,"lower_bound":0.024995560211828804,"upper_bound":0.06664417541338619},"point_estimate":0.04534075339198096,"standard_error":0.010238813545112803}}